folder,id,display_name,description,type,units,domain,labels,calculation
Actigraphy,actquality5,Actigraphy QS: Overall Quality Grading,,choices,,overallqualitygrade,,
Actigraphy,avg24hrsleep5,Average 24 Hour Sleep Across All Days (Minutes),,numeric,minutes,,,
Actigraphy,avg24hrsleepnw5,Average 24 Hour Sleep Across All Non-Workday Days (Minutes),,numeric,minutes,,,
Actigraphy,avg24hrsleeprd5,Average 24 Hour Sleep Across All Reliable Days (Minutes),,numeric,minutes,,,
Actigraphy,avg24hrsleepwd5,Average 24 Hour Sleep Across All Weekday Days (Minutes),,numeric,minutes,,,
Actigraphy,avg24hrsleepwe5,Average 24 Hour Sleep Across All Weekend Days (Minutes),,numeric,minutes,,,
Actigraphy,avg24hrsleepwo5,Average 24 Hour Sleep Across All Workday Days (Minutes),,numeric,minutes,,,
Actigraphy,avgact24hr5,Average Activity Count Per Minute Over 24-Hour Periods Across All Days (Activity Counts),,numeric,activity counts,,,
Actigraphy,avgactactive5,Average Activity Count Per Minute In Active Intervals Across All Days (Activity Counts),,numeric,activity counts,,,
Actigraphy,avgactmainsleep5,Average Activity Count Per Minute In Main Sleep Periods Across All Days (Activity Counts),,numeric,activity counts,,,
Actigraphy,avgactnaps5,Average Activity Count Per Minute In Nap Periods Across All Days (Activity Counts),,numeric,activity counts,,,
Actigraphy,avgbluetalt5,Average Blue Light Time Above 1000 Microwatts Per Square Centimeter Threshold Per Day (Minutes),,numeric,minutes,,,
Actigraphy,avgbluetaltnw5,Average Blue Light Time Above 1000 Microwatts Per Square Centimeter Threshold Per Non-Workday Day (Minutes),,numeric,minutes,,,
Actigraphy,avgbluetaltrd5,Average Blue Light Time Above 1000 Microwatts Per Square Centimeter Threshold Per Reliable Day (Minutes),,numeric,minutes,,,
Actigraphy,avgbluetaltwd5,Average Blue Light Time Above 1000 Microwatts Per Square Centimeter Threshold Per Weekday Day (Minutes),,numeric,minutes,,,
Actigraphy,avgbluetaltwe5,Average Blue Light Time Above 1000 Microwatts Per Square Centimeter Threshold Per Weekend Day (Minutes),,numeric,minutes,,,
Actigraphy,avgbluetaltwo5,Average Blue Light Time Above 1000 Microwatts Per Square Centimeter Threshold Per Workday Day (Minutes),,numeric,minutes,,,
Actigraphy,avgefficiency5,Average Sleep Efficiency In Main Sleeps Across All Days (Percent),,numeric,percent,,,
Actigraphy,avgefficiencynw5,Average Sleep Efficiency In Main Sleeps Across All Non-Workday Days (Percent),,numeric,percent,,,
Actigraphy,avgefficiencyrd5,Average Sleep Efficiency In Main Sleeps Across All Reliable Days (Percent),,numeric,percent,,,
Actigraphy,avgefficiencywd5,Average Sleep Efficiency In Main Sleeps Across All Weekday Days (Percent),,numeric,percent,,,
Actigraphy,avgefficiencywe5,Average Sleep Efficiency In Main Sleeps Across All Weekend Days (Percent),,numeric,percent,,,
Actigraphy,avgefficiencywo5,Average Sleep Efficiency In Main Sleeps Across All Workday Days (Percent),,numeric,percent,,,
Actigraphy,avgfragmentation5,Average Fragmentation Index In Main Sleeps Across All Days (Percent),,numeric,percent,,,
Actigraphy,avgfragmentationnw5,Average Fragmentation Index In Main Sleeps Across All Non-Workday Days (Percent),,numeric,percent,,,
Actigraphy,avgfragmentationrd5,Average Fragmentation Index In Main Sleeps Across All Reliable Days (Percent),,numeric,percent,,,
Actigraphy,avgfragmentationwd5,Average Fragmentation Index In Main Sleeps Across All Weekday Days (Percent),,numeric,percent,,,
Actigraphy,avgfragmentationwe5,Average Fragmentation Index In Main Sleeps Across All Weekend Days (Percent),,numeric,percent,,,
Actigraphy,avgfragmentationwo5,Average Fragmentation Index In Main Sleeps Across All Workday Days (Percent),,numeric,percent,,,
Actigraphy,avggreentalt5,Average Green Light Time Above 1000 Microwatts Per Square Centimeter Threshold Per Day (Minutes),,numeric,minutes,,,
Actigraphy,avggreentaltnw5,Average Green Light Time Above 1000 Microwatts Per Square Centimeter Threshold Per Non-Workday Day (Minutes),,numeric,minutes,,,
Actigraphy,avggreentaltrd5,Average Green Light Time Above 1000 Microwatts Per Square Centimeter Threshold Per Reliable Day (Minutes),,numeric,minutes,,,
Actigraphy,avggreentaltwd5,Average Green Light Time Above 1000 Microwatts Per Square Centimeter Threshold Per Weekday Day (Minutes),,numeric,minutes,,,
Actigraphy,avggreentaltwe5,Average Green Light Time Above 1000 Microwatts Per Square Centimeter Threshold Per Weekend Day (Minutes),,numeric,minutes,,,
Actigraphy,avggreentaltwo5,Average Green Light Time Above 1000 Microwatts Per Square Centimeter Threshold Per Workday Day (Minutes),,numeric,minutes,,,
Actigraphy,avginbedduration5,Average In Bed Interval Duration From Main Sleeps Across All Days (Minutes),,numeric,minutes,,,
Actigraphy,avginbeddurationnw5,Average In Bed Interval Duration From Main Sleeps Across All Non-Workday Days (Minutes),,numeric,minutes,,,
Actigraphy,avginbeddurationrd5,Average In Bed Interval Duration From Main Sleeps Across All Reliable Days (Minutes),,numeric,minutes,,,
Actigraphy,avginbeddurationwd5,Average In Bed Interval Duration From Main Sleeps Across All Weekday Days (Minutes),,numeric,minutes,,,
Actigraphy,avginbeddurationwe5,Average In Bed Interval Duration From Main Sleeps Across All Weekend Days (Minutes),,numeric,minutes,,,
Actigraphy,avginbeddurationwo5,Average In Bed Interval Duration From Main Sleeps Across All Workday Days (Minutes),,numeric,minutes,,,
Actigraphy,avginbedtime5,Average Clock Time To Get In Bed For Main Sleep Across All Days (hh:hm:ss),,time,,,,
Actigraphy,avginbedtimenw5,Average Clock Time To Get In Bed For Main Sleep Across All Non-Workday Days (hh:hm:ss),,time,,,,
Actigraphy,avginbedtimerd5,Average Clock Time To Get In Bed For Main Sleep Across All Reliable Days (hh:hm:ss),,time,,,,
Actigraphy,avginbedtimewd5,Average Clock Time To Get In Bed For Main Sleep Across All Weekday Days (hh:hm:ss),,time,,,,
Actigraphy,avginbedtimewe5,Average Clock Time To Get In Bed For Main Sleep Across All Weekend Days (hh:hm:ss),,time,,,,
Actigraphy,avginbedtimewo5,Average Clock Time To Get In Bed For Main Sleep Across All Workday Days (hh:hm:ss),,time,,,,
Actigraphy,avginbedwake5,Average Total Time Spent Awake During The In Bed Interval (Minutes),,numeric,minutes,,,
Actigraphy,avginbedwakenw5,Average Total Time Spent Awake During The Non-Workday In Bed Interval (Minutes),,numeric,minutes,,,
Actigraphy,avginbedwakerd5,Average Total Time Spent Awake During The In Bed Interval Across Reliable Days (Minutes),,numeric,minutes,,,
Actigraphy,avginbedwakewd5,Average Total Time Spent Awake During The Weekday In Bed Interval (Minutes),,numeric,minutes,,,
Actigraphy,avginbedwakewe5,Average Total Time Spent Awake During The Weekend In Bed Interval (Minutes),,numeric,minutes,,,
Actigraphy,avginbedwakewo5,Average Total Time Spent Awake During The Workday In Bed Interval (Minutes),,numeric,minutes,,,
Actigraphy,avgmainsleep5,Average Sleep Time In Main Sleep Periods Across All Days (Minutes),,numeric,minutes,,,
Actigraphy,avgmainsleepnw5,Average Sleep Time In Main Sleep Periods Across All Non-Workday Days (Minutes),,numeric,minutes,,,
Actigraphy,avgmainsleeprd5,Average Sleep Time In Main Sleep Periods Across All Reliable Days (Minutes),,numeric,minutes,,,
Actigraphy,avgmainsleepwd5,Average Sleep Time In Main Sleep Periods Across All Weekday Days (Minutes),,numeric,minutes,,,
Actigraphy,avgmainsleepwe5,Average Sleep Time In Main Sleep Periods Across All Weekend Days (Minutes),,numeric,minutes,,,
Actigraphy,avgmainsleepwo5,Average Sleep Time In Main Sleep Periods Across All Workday Days (Minutes),,numeric,minutes,,,
Actigraphy,avgmainteff5,Average Sleep Maintenance Efficiency In Main Sleeps Across All Days (Percent),,numeric,percent,,,
Actigraphy,avgmainteffnw5,Average Sleep Maintenance Efficiency In Main Sleeps Across All Non-Workday Days (Percent),,numeric,percent,,,
Actigraphy,avgmainteffrd5,Average Sleep Maintenance Efficiency In Main Sleeps Across All Reliable Days (Percent),,numeric,percent,,,
Actigraphy,avgmainteffwd5,Average Sleep Maintenance Efficiency In Main Sleeps Across All Weekday Days (Percent),,numeric,percent,,,
Actigraphy,avgmainteffwe5,Average Sleep Maintenance Efficiency In Main Sleeps Across All Weekend Days (Percent),,numeric,percent,,,
Actigraphy,avgmainteffwo5,Average Sleep Maintenance Efficiency In Main Sleeps Across All Workday Days (Percent),,numeric,percent,,,
Actigraphy,avgnnapsall5,Average Number Of Naps Per Day When All Naps Are Counted (Naps/Day),,numeric,naps per day,,,
Actigraphy,avgnnapsallnw5,Average Number Of Naps Per Non-Workday Day When All Naps Are Counted (Naps),,numeric,naps,,,
Actigraphy,avgnnapsallrd5,Average Number Of Naps Per Reliable Day When All Naps Are Counted (Naps),,numeric,naps,,,
Actigraphy,avgnnapsallwd5,Average Number Of Naps Per Weekday Day When All Naps Are Counted (Naps),,numeric,naps,,,
Actigraphy,avgnnapsallwe5,Average Number Of Naps Per Weekend Day When All Naps Are Counted (Naps),,numeric,naps,,,
Actigraphy,avgnnapsallwo5,Average Number Of Naps Per Workday Day When All Naps Are Counted (Naps),,numeric,naps,,,
Actigraphy,avgnnapssleep155,Average Number Of Naps Per Day When Only Naps With >=15 Minutes Of Sleep Time Are Counted (Naps/Day),,numeric,naps per day,,,
Actigraphy,avgnnapssleep15nw5,Average Number Of Naps Per Non-Workday Day When Only Naps With >=15 Minutes Of Sleep Time Are Counted (Naps),,numeric,naps,,,
Actigraphy,avgnnapssleep15rd5,Average Number Of Naps Per Reliable Day When Only Naps With >=15 Minutes Of Sleep Time Are Counted (Naps),,numeric,naps,,,
Actigraphy,avgnnapssleep15wd5,Average Number Of Naps Per Weekday Day When Only Naps With >=15 Minutes Of Sleep Time Are Counted (Naps),,numeric,naps,,,
Actigraphy,avgnnapssleep15we5,Average Number Of Naps Per Weekend Day When Only Naps With >=15 Minutes Of Sleep Time Are Counted (Naps),,numeric,naps,,,
Actigraphy,avgnnapssleep15wo5,Average Number Of Naps Per Workday Day When Only Naps With >=15 Minutes Of Sleep Time Are Counted (Naps),,numeric,naps,,,
Actigraphy,avgnnapssleep5,Average Number Of Naps Per Day When Only Naps With Some Sleep Are Counted (Naps/Day),,numeric,naps per day,,,
Actigraphy,avgnnapssleepnw5,Average Number Of Naps Per Non-Workday Day When Only Naps With Some Sleep Are Counted (Naps),,numeric,naps,,,
Actigraphy,avgnnapssleeprd5,Average Number Of Naps Per Reliable Day When Only Naps With Some Sleep Are Counted (Naps),,numeric,naps,,,
Actigraphy,avgnnapssleepwd5,Average Number Of Naps Per Weekday Day When Only Naps With Some Sleep Are Counted (Naps),,numeric,naps,,,
Actigraphy,avgnnapssleepwe5,Average Number Of Naps Per Weekend Day When Only Naps With Some Sleep Are Counted (Naps),,numeric,naps,,,
Actigraphy,avgnnapssleepwo5,Average Number Of Naps Per Workday Day When Only Naps With Some Sleep Are Counted (Naps),,numeric,naps,,,
Actigraphy,avgonsetlatency5,Average Sleep Onset Latency Time In Main Sleeps Across All Days In Minutes (Minutes),,numeric,minutes,,,
Actigraphy,avgonsetlatencynw5,Average Sleep Onset Latency Time In Main Sleeps Across All Non-Workday Days In Minutes (Minutes),,numeric,minutes,,,
Actigraphy,avgonsetlatencyrd5,Average Sleep Onset Latency Time In Main Sleeps Across All Reliable Days In Minutes (Minutes),,numeric,minutes,,,
Actigraphy,avgonsetlatencywd5,Average Sleep Onset Latency Time In Main Sleeps Across All Weekday Days (Minutes),,numeric,minutes,,,
Actigraphy,avgonsetlatencywe5,Average Sleep Onset Latency Time In Main Sleeps Across All Weekend Days In Minutes (Minutes),,numeric,minutes,,,
Actigraphy,avgonsetlatencywo5,Average Sleep Onset Latency Time In Main Sleeps Across All Workday Days In Minutes (Minutes),,numeric,minutes,,,
Actigraphy,avgoutbedtime5,Average Time To Get Out Of Bed After Main Sleep Across All Days In Minutes (hh:hm:ss),,time,,,,
Actigraphy,avgoutbedtimenw5,Average Time To Get Out Of Bed After Main Sleep Across All Non-Workday Days In Minutes (hh:hm:ss),,time,,,,
Actigraphy,avgoutbedtimerd5,Average Time To Get Out Of Bed After Main Sleep Across All Reliable Days In Minutes (hh:hm:ss),,time,,,,
Actigraphy,avgoutbedtimewd5,Average Time To Get Out Of Bed After Main Sleep Across All Weekday Days In Minutes (hh:hm:ss),,time,,,,
Actigraphy,avgoutbedtimewe5,Average Time To Get Out Of Bed After Main Sleep Across All Weekend Days In Minutes (hh:hm:ss),,time,,,,
Actigraphy,avgoutbedtimewo5,Average Time To Get Out Of Bed After Main Sleep Across All Workday Days In Minutes (hh:hm:ss),,time,,,,
Actigraphy,avgredtalt5,Average Red Light Time Above 1000 Microwatts Per Square Centimeter Threshold Per Day (Minutes),,numeric,minutes,,,
Actigraphy,avgredtaltnw5,Average Red Light Time Above 1000 Microwatts Per Square Centimeter Threshold Per Non-Workday Day (Minutes),,numeric,minutes,,,
Actigraphy,avgredtaltrd5,Average Red Light Time Above 1000 Microwatts Per Square Centimeter Threshold Per Reliable Day (Minutes),,numeric,minutes,,,
Actigraphy,avgredtaltwd5,Average Red Light Time Above 1000 Microwatts Per Square Centimeter Threshold Per Weekday Day (Minutes),,numeric,minutes,,,
Actigraphy,avgredtaltwe5,Average Red Light Time Above 1000 Microwatts Per Square Centimeter Threshold Per Weekend Day (Minutes),,numeric,minutes,,,
Actigraphy,avgredtaltwo5,Average Red Light Time Above 1000 Microwatts Per Square Centimeter Threshold Per Workday Day (Minutes),,numeric,minutes,,,
Actigraphy,avgrestmidpoint5,Average Time Midpoint Between In Bed And Out Of Bed Times (hh:hm:ss),,time,,,,
Actigraphy,avgrestmidpointnw5,Average Time Midpoint Between Non-Workday In Bed And Out Of Bed Times (hh:hm:ss),,time,,,,
Actigraphy,avgrestmidpointrd5,Average Time Midpoint Between In Bed And Out Of Bed Times Across Reliable Days (hh:hm:ss),,time,,,,
Actigraphy,avgrestmidpointwd5,Average Time Midpoint Between Weekday In Bed And Out Of Bed Times (hh:hm:ss),,time,,,,
Actigraphy,avgrestmidpointwe5,Average Time Midpoint Between Weekend In Bed And Out Of Bed Times (hh:hm:ss),,time,,,,
Actigraphy,avgrestmidpointwo5,Average Time Midpoint Between Workday In Bed And Out Of Bed Times (hh:hm:ss),,time,,,,
Actigraphy,avgsleepbouts5,Average Sleep Bouts In Main Sleep Periods Across All Days (Sleep Bouts),,numeric,sleep bouts,,,
Actigraphy,avgsleepboutsnw5,Average Sleep Bouts In Main Sleep Periods Across All Non-Workday Days (Sleep Bouts),,numeric,sleep bouts,,,
Actigraphy,avgsleepboutsrd5,Average Sleep Bouts In Main Sleep Periods Across All Reliable Days (Sleep Bouts),,numeric,sleep bouts,,,
Actigraphy,avgsleepboutswd5,Average Sleep Bouts In Main Sleep Periods Across All Weekday Days (Sleep Bouts),,numeric,sleep bouts,,,
Actigraphy,avgsleepboutswe5,Average Sleep Bouts In Main Sleep Periods Across All Weekend Days (Sleep Bouts),,numeric,sleep bouts,,,
Actigraphy,avgsleepboutswo5,Average Sleep Bouts In Main Sleep Periods Across All Workday Days (Sleep Bouts),,numeric,sleep bouts,,,
Actigraphy,avgsleepmidpoint5,Average Time Midpoint Between Sleep Onset And Sleep Offset Times (hh:hm:ss),,time,,,,
Actigraphy,avgsleepmidpointnw5,Average Time Midpoint Between Non-Workday Sleep Onset And Sleep Offset Times (hh:hm:ss),,time,,,,
Actigraphy,avgsleepmidpointrd5,Average Time Midpoint Between Sleep Onset And Sleep Offset Times Across Reliable Days (hh:hm:ss),,time,,,,
Actigraphy,avgsleepmidpointwd5,Average Time Midpoint Between Weekday Sleep Onset And Sleep Offset Times (hh:hm:ss),,time,,,,
Actigraphy,avgsleepmidpointwe5,Average Time Midpoint Between Weekend Sleep Onset And Sleep Offset Times (hh:hm:ss),,time,,,,
Actigraphy,avgsleepmidpointwo5,Average Time Midpoint Between Workday Sleep Onset And Sleep Offset Times (hh:hm:ss),,time,,,,
Actigraphy,avgsleepnapdaily155,Average Sleep Time In Naps Per Day Across All Days In The Recording When Only Naps With >=15 Minutes Of Sleep Time Are Counted (Minutes/Day),,numeric,minutes per day,,,
Actigraphy,avgsleepnapdaily15nw5,Average Sleep Time In Naps Per Day Across All Non-Workday Days In The Recording When Only Naps With >=15 Minutes Of Sleep Time Are Counted (Minutes),,numeric,minutes,,,
Actigraphy,avgsleepnapdaily15rd5,Average Sleep Time In Naps Per Day Across All Reliable Days In The Recording When Only Naps With >=15 Minutes Of Sleep Time Are Counted (Minutes),,numeric,minutes,,,
Actigraphy,avgsleepnapdaily15wd5,Average Sleep Time In Naps Per Day Across All Weekday Days In The Recording When Only Naps With >=15 Minutes Of Sleep Time Are Counted (Minutes),,numeric,minutes,,,
Actigraphy,avgsleepnapdaily15we5,Average Sleep Time In Naps Per Day Across All Weekend Days In The Recording When Only Naps With >=15 Minutes Of Sleep Time Are Counted (Minutes),,numeric,minutes,,,
Actigraphy,avgsleepnapdaily15wo5,Average Sleep Time In Naps Per Day Across All Workday Days In The Recording When Only Naps With >=15 Minutes Of Sleep Time Are Counted (Minutes),,numeric,minutes,,,
Actigraphy,avgsleepnapdaily5,Average Sleep Time In Naps Per Day Across All Days In The Recording When Only Naps With Some Sleep Are Counted (Minutes/Day),,numeric,minutes per day,,,
Actigraphy,avgsleepnapdailynw5,Average Sleep Time In Naps Per Day Across All Non-Workday Days In The Recording When Only Naps With Some Sleep Are Counted (Minutes),,numeric,minutes,,,
Actigraphy,avgsleepnapdailyrd5,Average Sleep Time In Naps Per Day Across All Reliable Days In The Recording When Only Naps With Some Sleep Are Counted (Minutes),,numeric,minutes,,,
Actigraphy,avgsleepnapdailywd5,Average Sleep Time In Naps Per Weekday Day Across All Weekday Days In The Recording When Only Naps With Some Sleep Are Counted (Minutes),,numeric,minutes,,,
Actigraphy,avgsleepnapdailywe5,Average Sleep Time In Naps Per Day Across All Weekend Days In The Recording When Only Naps With Some Sleep Are Counted (Minutes),,numeric,minutes,,,
Actigraphy,avgsleepnapdailywo5,Average Sleep Time In Naps Per Day Across All Workday Days In The Recording When Only Naps With Some Sleep Are Counted (Minutes),,numeric,minutes,,,
Actigraphy,avgsleepnapsall5,Average Sleep Time Per Nap When All Naps Are Counted (Minutes),,numeric,minutes,,,
Actigraphy,avgsleepnapsallnw5,Average Sleep Time Per Non-Workday Nap When All Naps Are Counted (Minutes),,numeric,minutes,,,
Actigraphy,avgsleepnapsallrd5,Average Sleep Time Per Nap Across Reliable Days When All Naps Are Counted (Minutes),,numeric,minutes,,,
Actigraphy,avgsleepnapsallwd5,Average Sleep Time Per Weekday Nap When All Naps Are Counted (Minutes),,numeric,minutes,,,
Actigraphy,avgsleepnapsallwe5,Average Sleep Time Per Weekend Nap When All Naps Are Counted (Minutes),,numeric,minutes,,,
Actigraphy,avgsleepnapsallwo5,Average Sleep Time Per Workday Nap When All Naps Are Counted (Minutes),,numeric,minutes,,,
Actigraphy,avgsleepnapssleep155,Average Sleep Time Per Nap When Only Naps With >=15 Minutes Of Sleep Time Are Counted (Minutes),,numeric,minutes,,,
Actigraphy,avgsleepnapssleep15nw5,Average Sleep Time Per Non-Workday Nap When Only Naps With >=15 Minutes Of Sleep Time Are Counted (Minutes),,numeric,minutes,,,
Actigraphy,avgsleepnapssleep15rd5,Average Sleep Time Per Nap Across Reliable Days When Only Naps With >=15 Minutes Of Sleep Time Are Counted  (Minutes),,numeric,minutes,,,
Actigraphy,avgsleepnapssleep15wd5,Average Sleep Time Per Weekday Nap When Only Naps With >=15 Minutes Of Sleep Time Are Counted (Minutes),,numeric,minutes,,,
Actigraphy,avgsleepnapssleep15we5,Average Sleep Time Per Weekend Nap When Only Naps With >=15 Minutes Of Sleep Time Are Counted (Minutes),,numeric,minutes,,,
Actigraphy,avgsleepnapssleep15wo5,Average Sleep Time Per Workday Nap When Only Naps With >=15 Minutes Of Sleep Time Are Counted (Minutes),,numeric,minutes,,,
Actigraphy,avgsleepnapssleep5,Average Sleep Time Per Nap When Only Naps With Some Sleep Are Counted (Minutes),,numeric,minutes,,,
Actigraphy,avgsleepnapssleepnw5,Average Sleep Time Per Non-Workday Nap When Only Naps With Some Sleep Are Counted (Minutes),,numeric,minutes,,,
Actigraphy,avgsleepnapssleeprd5,Average Sleep Time Per Nap Across Reliable Days When Only Naps With Some Sleep Are Counted (Minutes),,numeric,minutes,,,
Actigraphy,avgsleepnapssleepwd5,Average Sleep Time Per Weekday Nap When Only Naps With Some Sleep Are Counted (Minutes),,numeric,minutes,,,
Actigraphy,avgsleepnapssleepwe5,Average Sleep Time Per Weekend Nap When Only Naps With Some Sleep Are Counted (Minutes),,numeric,minutes,,,
Actigraphy,avgsleepnapssleepwo5,Average Sleep Time Per Workday Nap When Only Naps With Some Sleep Are Counted (Minutes),,numeric,minutes,,,
Actigraphy,avgsleepoffsettime5,Average Time To Wake Up For Main Sleep Across All Days In Minutes (hh:hm:ss),,time,,,,
Actigraphy,avgsleepoffsettimenw5,Average Time To Wake Up For Main Sleep Across All Non-Workday Days In Minutes (hh:hm:ss),,time,,,,
Actigraphy,avgsleepoffsettimerd5,Average Time To Wake Up For Main Sleep Across All Reliable Days In Minutes (hh:hm:ss),,time,,,,
Actigraphy,avgsleepoffsettimewd5,Average Time To Wake Up For Main Sleep Across All Weekday Days In Minutes (hh:hm:ss),,time,,,,
Actigraphy,avgsleepoffsettimewe5,Average Time To Wake Up For Main Sleep Across All Weekend Days In Minutes (hh:hm:ss),,time,,,,
Actigraphy,avgsleepoffsettimewo5,Average Time To Wake Up For Main Sleep Across All Workday Days In Minutes (hh:hm:ss),,time,,,,
Actigraphy,avgsleeponsettime5,Average Time To Fall Asleep For Main Sleep Across All Days (hh:hm:ss),,time,,,,
Actigraphy,avgsleeponsettimenw5,Average Time To Fall Asleep For Main Sleep Across All Non-Workday Days (hh:hm:ss),,time,,,,
Actigraphy,avgsleeponsettimerd5,Average Time To Fall Asleep For Main Sleep Across All Reliable Days (hh:hm:ss),,time,,,,
Actigraphy,avgsleeponsettimewd5,Average Time To Fall Asleep For Main Sleep Across All Weekday Days (hh:hm:ss),,time,,,,
Actigraphy,avgsleeponsettimewe5,Average Time To Fall Asleep For Main Sleep Across All Weekend Days (hh:hm:ss),,time,,,,
Actigraphy,avgsleeponsettimewo5,Average Time To Fall Asleep For Main Sleep Across All Workday Days (hh:hm:ss),,time,,,,
Actigraphy,avgsleepperiodduration5,Average Sleep Period Duration From Main Sleeps Across All Days (Minutes),,numeric,minutes,,,
Actigraphy,avgsleepperioddurationnw5,Average Sleep Period Duration From Main Sleeps Across All Non-Workday Days (Minutes),,numeric,minutes,,,
Actigraphy,avgsleepperioddurationrd5,Average Sleep Period Duration From Main Sleeps Across All Reliable Days (Minutes),,numeric,minutes,,,
Actigraphy,avgsleepperioddurationwd5,Average Sleep Period Duration From Main Sleeps Across All Weekday Days (Minutes),,numeric,minutes,,,
Actigraphy,avgsleepperioddurationwe5,Average Sleep Period Duration From Main Sleeps Across All Weekend Days (Minutes),,numeric,minutes,,,
Actigraphy,avgsleepperioddurationwo5,Average Sleep Period Duration From Main Sleeps Across All Workday Days (Minutes),,numeric,minutes,,,
Actigraphy,avgsnooze5,Average Snooze Time In Main Sleeps Across All Days (Minutes),,numeric,minutes,,,
Actigraphy,avgsnoozenw5,Average Snooze Time In Main Sleeps Across All Non-Workday Days (Minutes),,numeric,minutes,,,
Actigraphy,avgsnoozerd5,Average Snooze Time In Main Sleeps Across All Reliable Days (Minutes),,numeric,minutes,,,
Actigraphy,avgsnoozewd5,Average Snooze Time In Main Sleeps Across All Weekday Days (Minutes),,numeric,minutes,,,
Actigraphy,avgsnoozewe5,Average Snooze Time In Main Sleeps Across All Weekend Days (Minutes),,numeric,minutes,,,
Actigraphy,avgsnoozewo5,Average Snooze Time In Main Sleeps Across All Workday Days (Minutes),,numeric,minutes,,,
Actigraphy,avgwakebouts5,Average Wake Bouts In Main Sleep Periods Across All Days (Wake Bouts),,numeric,wake bouts,,,
Actigraphy,avgwakeboutsnw5,Average Wake Bouts In Main Sleep Periods Across All Non-Workday Days (Wake Bouts),,numeric,wake bouts,,,
Actigraphy,avgwakeboutsrd5,Average Wake Bouts In Main Sleep Periods Across All Reliable Days (Wake Bouts),,numeric,wake bouts,,,
Actigraphy,avgwakeboutswd5,Average Wake Bouts In Main Sleep Periods Across All Weekday Days (Wake Bouts),,numeric,wake bouts,,,
Actigraphy,avgwakeboutswe5,Average Wake Bouts In Main Sleep Periods Across All Weekend Days (Wake Bouts),,numeric,wake bouts,,,
Actigraphy,avgwakeboutswo5,Average Wake Bouts In Main Sleep Periods Across All Workday Days (Wake Bouts),,numeric,wake bouts,,,
Actigraphy,avgwaso5,Average Wake After Sleep Onset (Waso) In Main Sleeps (Minutes),,numeric,minutes,,,
Actigraphy,avgwasonw5,Average Wake After Sleep Onset (Waso) In Non-Workday Main Sleeps (Minutes),,numeric,minutes,,,
Actigraphy,avgwasord5,Average Wake After Sleep Onset (Waso) In Reliable Day Main Sleeps (Minutes),,numeric,minutes,,,
Actigraphy,avgwasowd5,Average Wake After Sleep Onset (Waso) In Weekday Main Sleeps (Minutes),,numeric,minutes,,,
Actigraphy,avgwasowe5,Average Wake After Sleep Onset (Waso) In Weekend Main Sleeps (Minutes),,numeric,minutes,,,
Actigraphy,avgwasowo5,Average Wake After Sleep Onset (Waso) In Workday Main Sleeps (Minutes),,numeric,minutes,,,
Actigraphy,avgwhitetalt5,Average White Light Time Above 1000 Lux Threshold Per Day (Minutes),,numeric,minutes,,,
Actigraphy,avgwhitetaltnw5,Average White Light Time Above 1000 Lux Threshold Per Non-Workday Day (Minutes),,numeric,minutes,,,
Actigraphy,avgwhitetaltrd5,Average White Light Time Above 1000 Lux Threshold Per Reliable Day (Minutes),,numeric,minutes,,,
Actigraphy,avgwhitetaltwd5,Average White Light Time Above 1000 Lux Threshold Per Weekday Day (Minutes),,numeric,minutes,,,
Actigraphy,avgwhitetaltwe5,Average White Light Time Above 1000 Lux Threshold Per Weekend Day (Minutes),,numeric,minutes,,,
Actigraphy,avgwhitetaltwo5,Average White Light Time Above 1000 Lux Threshold Per Workday Day (Minutes),,numeric,minutes,,,
Actigraphy,ceffend5,Actigraphy Report: Weekday Efficiency CV,,numeric,percent,,,
Actigraphy,ceffwk5,Actigraphy Report: Weekend Efficiency CV,,numeric,percent,,,
Actigraphy,cslpend5,Actigraphy Report: Weekday Sleep CV,,numeric,,,,
Actigraphy,cslpwk5,Actigraphy Report: Weekend Sleep CV,,numeric,,,,
Actigraphy,diarycomplete5,Actigraphy QS: Diary Completeness,,choices,,sleepdiarycomplete,,
Actigraphy,diarypresent5,Actigraphy QS: Diary Present,,choices,,sleepdiarypresabs,,
Actigraphy,dstoverlap5,Study Overlaps With Daylight Saving Time Start (March) Or End (November),,choices,,daylightsavingoverlap,,
Actigraphy,dur_avg_rest5,Actigraphy Report: Average Duration Rest,,numeric,minutes,,,
Actigraphy,eff_avg_sleep5,Actigraphy Report: Average Sleep Efficiency (%),,numeric,percent,,,
Actigraphy,epochlength5,Original Epoch Length For Processed Actigraphy Study  (Seconds),,numeric,seconds,,,
Actigraphy,gooddays5,Actigraphy QS: # of Good Days,,numeric,good days,,,
Actigraphy,latency_avg_sleep5,Actigraphy Report: Average Sleep Onset Latency (Minutes),,numeric,minutes,,,
Actigraphy,mbedt5,Actigraphy Report: Mean Bedtime,,time,,,,
Actigraphy,mbedtend5,Actigraphy Report: Mean Bedtime Weekend,,time,,,,
Actigraphy,mbedtwk5,Actigraphy Report: Mean Bedtime Weekdays,,time,,,,
Actigraphy,meffend5,Actigraphy Report: Weekend Efficiency Mean,,numeric,percent,,,
Actigraphy,meffwk5,Actigraphy Report: Weekday Efficiency Mean,,numeric,percent,,,
Actigraphy,mmidslpt5,Actigraphy Report: Mean Mid-Sleep Time [The Midpoint Between Sleep Onset And Offset],,time,,,,
Actigraphy,mmidslptend5,Actigraphy Report: Mean Mid-Sleep Time Weekend,,time,,,,
Actigraphy,mmidslptwk5,Actigraphy Report: Mean Mid-Sleep Time Weekday,,time,,,,
Actigraphy,mslpend5,Actigraphy Report: Weekend Sleep Mean,,numeric,minutes,,,
Actigraphy,mslpendhr5,Actigraphy Report: Weekend Sleep Mean (In Hours),,numeric,hours,,,
Actigraphy,mslpwk5,Actigraphy Report: Weekday Sleep Mean,,numeric,minutes,,,
Actigraphy,mslpwkhr5,Actigraphy Report: Weekday Sleep Mean (In Hours),,numeric,hours,,,
Actigraphy,mwaket5,Actigraphy Report: Mean Wake Time,,time,,,,
Actigraphy,mwaketend5,Actigraphy Report: Mean Wake Time Weekend,,time,,,,
Actigraphy,mwaketwk5,Actigraphy Report: Mean Wake Time Weekdays,,time,,,,
Actigraphy,ndays5,"Number Of Days With Sleep Data In Recording. Also, Number Of Main Rest Intervals In Recording (Days)",,numeric,days,,,
Actigraphy,ndaysnapsall5,Number Of Days With Naps When All Naps Are Counted (Days),,numeric,days,,,
Actigraphy,ndaysnapsallnw5,Number Of Non-Workday Days With Naps When All Naps Are Counted (Non-Workday Days),,numeric,non-workdays,,,
Actigraphy,ndaysnapsallrd5,"Number Of Days With Naps When All Naps Are Counted, Across Reliable Days (Reliable Days)",,numeric,reliable days,,,
Actigraphy,ndaysnapsallwd5,Number Of Weekday Days With Naps When All Naps Are Counted (Weekday Days),,numeric,weekend days,,,
Actigraphy,ndaysnapsallwe5,Number Of Weekend Days With Naps When All Naps Are Counted (Weekend Days),,numeric,weekend days,,,
Actigraphy,ndaysnapsallwo5,Number Of Workday Days With Naps When All Naps Are Counted (Workday Days),,numeric,workdays,,,
Actigraphy,ndaysnapssleep155,Number Of Days With Naps When Only Naps With >=15 Minutes Of Sleep Time Are Counted (Days),,numeric,days,,,
Actigraphy,ndaysnapssleep15nw5,Number Of Non-Workday Days With Naps When Only Naps With >=15 Minutes Of Sleep Time Are Counted (Non-Workday Days),,numeric,non-workdays,,,
Actigraphy,ndaysnapssleep15rd5,Number Of Reliable Days With Naps When Only Naps With >=15 Minutes Of Sleep Time Are Counted (Reliable Days),,numeric,reliable days,,,
Actigraphy,ndaysnapssleep15wd5,Number Of Weekday Days With Naps When Only Naps With >=15 Minutes Of Sleep Time Are Counted (Weekday Days),,numeric,weekdays,,,
Actigraphy,ndaysnapssleep15we5,Number Of Weekend Days With Naps When Only Naps With >=15 Minutes Of Sleep Time Are Counted (Weekend Days),,numeric,weekend days,,,
Actigraphy,ndaysnapssleep15wo5,Number Of Workday Days With Naps When Only Naps With >=15 Minutes Of Sleep Time Are Counted (Workday Days),,numeric,workdays,,,
Actigraphy,ndaysnapssleep5,Number Of Days With Naps When Only Naps With Some Sleep Time Are Counted (Days),,numeric,days,,,
Actigraphy,ndaysnapssleepnw5,Number Of Non-Workday Days With Naps When Only Naps With Some Sleep Time Are Counted (Non-Workday Days),,numeric,non-workdays,,,
Actigraphy,ndaysnapssleeprd5,Number Of Reliable Days With Naps When Only Naps With Some Sleep Time Are Counted (Reliable Days),,numeric,reliable days,,,
Actigraphy,ndaysnapssleepwd5,Number Of Weekday Days With Naps When Only Naps With Some Sleep Time Are Counted (Weekday Days),,numeric,weekend days,,,
Actigraphy,ndaysnapssleepwe5,Number Of Weekend Days With Naps When Only Naps With Some Sleep Time Are Counted (Weekend Days),,numeric,weekend days,,,
Actigraphy,ndaysnapssleepwo5,Number Of Workday Days With Naps When Only Naps With Some Sleep Time Are Counted (Workday Days),,numeric,workdays,,,
Actigraphy,ndaysnw5,Number Of Non-Workday Days With Sleep Data In Recording (Non-Workday Days),,numeric,non-workdays,,,
Actigraphy,ndaysrd5,Number Of Reliable Days With Sleep Data In Recording (Reliable Days),,numeric,reliable days,,,
Actigraphy,ndayswd5,Number Of Weekday Days With Sleep Data In Recording (Also Number Of Main Rest Intervals In Recording) (Weekday Days),,numeric,weekdays,,,
Actigraphy,ndayswe5,Number Of Weekend Days With Sleep Data In Recording (Weekend Days),,numeric,weekend days,,,
Actigraphy,ndayswo5,Number Of Workday Days With Sleep Data In Recording (Workday Days),,numeric,workdays,,,
Actigraphy,neffend5,Actigraphy Report: Number Of Weekend Days Efficiency,,numeric,weekend days,,,
Actigraphy,neffwk5,Actigraphy Report: Number Of Weekday Days Efficiency,,numeric,weekdays,,,
Actigraphy,nightsinvalid5,Actigraphy QS: # of Invalid Nights,,numeric,invalid nights,,,
Actigraphy,nightsrec5,Actigraphy QS: # of Nights Recorded,,numeric,nights,,,
Actigraphy,nightsvalid5,Actigraphy QS: # of Valid Nights,,numeric,valid nights,,,
Actigraphy,nslpend5,Actigraphy Report: Number Of Weekend Days Sleep,,numeric,weekend days,,,
Actigraphy,nslpwk5,Actigraphy Report: Number Of Weekday Days Sleep,,numeric,weekdays,,,
Actigraphy,overallqual5,Actigraphy QS: Overall Quality Grading (QS),,choices,,overallqualitygrade,,
Actigraphy,pslp_avg_sleep5,Actigraphy Report: Average Sleep % Sleep,,numeric,percent,,,
Actigraphy,pwake_avg_sleep5,Actigraphy Report: Average Sleep % Wake,,numeric,percent,,,
Actigraphy,qcomments5,Actigraphy QS: Study Comments,,string,,,,
Actigraphy,sd24hrsleep5,Standard Deviation Of 24 Hour Sleep Across All Days (Minutes),,numeric,minutes,,,
Actigraphy,sd24hrsleepnw5,Standard Deviation Of 24 Hour Sleep Across All Non-Workday Days (Minutes),,numeric,minutes,,,
Actigraphy,sd24hrsleeprd5,Standard Deviation Of 24 Hour Sleep Across All Reliable Days (Minutes),,numeric,minutes,,,
Actigraphy,sd24hrsleepwd5,Standard Deviation Of 24 Hour Sleep Across All Weekday Days (Minutes),,numeric,minutes,,,
Actigraphy,sd24hrsleepwe5,Standard Deviation Of 24 Hour Sleep Across All Weekend Days (Minutes),,numeric,minutes,,,
Actigraphy,sd24hrsleepwo5,Standard Deviation Of 24 Hour Sleep Across All Workday Days (Minutes),,numeric,minutes,,,
Actigraphy,sdefficiency5,Standard Deviation Of Sleep Efficiency In Main Sleeps Across All Days (Percent),,numeric,percent,,,
Actigraphy,sdefficiencynw5,Standard Deviation Of Sleep Efficiency In Main Sleeps Across All Non-Workday Days (Percent),,numeric,percent,,,
Actigraphy,sdefficiencyrd5,Standard Deviation Of Sleep Efficiency In Main Sleeps Across All Reliable Days (Percent),,numeric,percent,,,
Actigraphy,sdefficiencywd5,Standard Deviation Of Sleep Efficiency In Main Sleeps Across All Weekday Days (Percent),,numeric,percent,,,
Actigraphy,sdefficiencywe5,Standard Deviation Of Sleep Efficiency In Main Sleeps Across All Weekend Days (Percent),,numeric,percent,,,
Actigraphy,sdefficiencywo5,Standard Deviation Of Sleep Efficiency In Main Sleeps Across All Workday Days (Percent),,numeric,percent,,,
Actigraphy,sdinbedduration5,Standard Deviation Of The In Bed Interval Duration (Minutes),,numeric,minutes,,,
Actigraphy,sdinbeddurationnw5,Standard Deviation Of The Non-Workday In Bed Interval Duration (Minutes),,numeric,minutes,,,
Actigraphy,sdinbeddurationrd5,Standard Deviation Of The In Bed Interval Duration Across Reliable Days (Minutes),,numeric,minutes,,,
Actigraphy,sdinbeddurationwd5,Standard Deviation Of The Weekday In Bed Interval Duration (Minutes),,numeric,minutes,,,
Actigraphy,sdinbeddurationwe5,Standard Deviation Of The Weekend In Bed Interval Duration (Minutes),,numeric,minutes,,,
Actigraphy,sdinbeddurationwo5,Standard Deviation Of The Workday In Bed Interval Duration (Minutes),,numeric,minutes,,,
Actigraphy,sdinbedtime5,Standard Deviation Of The In Bed Time (hh:hm:ss),,time,,,,
Actigraphy,sdinbedtimenw5,Standard Deviation Of The Non-Workday In Bed Time (hh:hm:ss),,time,,,,
Actigraphy,sdinbedtimerd5,Standard Deviation Of The In Bed Time Across Reliable Days (hh:hm:ss),,time,,,,
Actigraphy,sdinbedtimewd5,Standard Deviation Of The Weekday In Bed Time (hh:hm:ss),,time,,,,
Actigraphy,sdinbedtimewe5,Standard Deviation Of The Weekend In Bed Time (hh:hm:ss),,time,,,,
Actigraphy,sdinbedtimewo5,Standard Deviation Of The Workday In Bed Time (hh:hm:ss),,time,,,,
Actigraphy,sdmainsleep5,Standard Deviation Of Sleep Time In Main Sleep Periods Across All Days (Minutes),,numeric,minutes,,,
Actigraphy,sdmainsleepnw5,Standard Deviation Of Sleep Time In Main Sleep Periods Across All Non-Workday Days (Minutes),,numeric,minutes,,,
Actigraphy,sdmainsleeprd5,Standard Deviation Of Sleep Time In Main Sleep Periods Across All Reliable Days (Minutes),,numeric,minutes,,,
Actigraphy,sdmainsleepwd5,Standard Deviation Of Sleep Time In Main Sleep Periods Across All Weekday Days (Minutes),,numeric,minutes,,,
Actigraphy,sdmainsleepwe5,Standard Deviation Of Sleep Time In Main Sleep Periods Across All Weekend Days (Minutes),,numeric,minutes,,,
Actigraphy,sdmainsleepwo5,Standard Deviation Of Sleep Time In Main Sleep Periods Across All Workday Days (Minutes),,numeric,minutes,,,
Actigraphy,sdmainteff5,Standard Deviation Of Sleep Maintenance Efficiency In Main Sleeps Across All Days (Percent),,numeric,percent,,,
Actigraphy,sdmainteffnw5,Standard Deviation Of Sleep Maintenance Efficiency In Main Sleeps Across All Non-Workday Days (Percent),,numeric,percent,,,
Actigraphy,sdmainteffrd5,Standard Deviation Of Sleep Maintenance Efficiency In Main Sleeps Across All Reliable Days (Percent),,numeric,percent,,,
Actigraphy,sdmainteffwd5,Standard Deviation Of Sleep Maintenance Efficiency In Main Sleeps Across All Weekday Days (Percent),,numeric,percent,,,
Actigraphy,sdmainteffwe5,Standard Deviation Of Sleep Maintenance Efficiency In Main Sleeps Across All Weekend Days (Percent),,numeric,percent,,,
Actigraphy,sdmainteffwo5,Standard Deviation Of Sleep Maintenance Efficiency In Main Sleeps Across All Workday Days (Percent),,numeric,percent,,,
Actigraphy,sdoutbedtime5,Standard Deviation Of The Out Of Bed Time (hh:hm:ss),,time,,,,
Actigraphy,sdoutbedtimenw5,Standard Deviation Of The Non-Workday Out Of Bed Time (hh:hm:ss),,time,,,,
Actigraphy,sdoutbedtimerd5,Standard Deviation Of The Out Of Bed Time Across Reliable Days (hh:hm:ss),,time,,,,
Actigraphy,sdoutbedtimewd5,Standard Deviation Of The Weekday Out Of Bed Time (hh:hm:ss),,time,,,,
Actigraphy,sdoutbedtimewe5,Standard Deviation Of The Weekend Out Of Bed Time (hh:hm:ss),,time,,,,
Actigraphy,sdoutbedtimewo5,Standard Deviation Of The Workday Out Of Bed Time (hh:hm:ss),,time,,,,
Actigraphy,sdrestmidpoint5,Standard Deviation Of The Midpoint Between In Bed And Out Of Bed Times (hh:hm:ss),,time,,,,
Actigraphy,sdrestmidpointnw5,Standard Deviation Of The Midpoint Between Non-Workday In Bed And Out Of Bed Times (hh:hm:ss),,time,,,,
Actigraphy,sdrestmidpointrd5,Standard Deviation Of The Midpoint Between In Bed And Out Of Bed Times Across Reliable Days (hh:hm:ss),,time,,,,
Actigraphy,sdrestmidpointwd5,Standard Deviation Of The Midpoint Between Weekday In Bed And Out Of Bed Times (hh:hm:ss),,time,,,,
Actigraphy,sdrestmidpointwe5,Standard Deviation Of The Midpoint Between Weekend In Bed And Out Of Bed Times (hh:hm:ss),,time,,,,
Actigraphy,sdrestmidpointwo5,Standard Deviation Of The Midpoint Between Workday In Bed And Out Of Bed Times (hh:hm:ss),,time,,,,
Actigraphy,sdsleepmidpoint5,Standard Deviation Of The Midpoint Between Sleep Onset And Sleep Offset Times (hh:hm:ss),,time,,,,
Actigraphy,sdsleepmidpointnw5,Standard Deviation Of The Midpoint Between Non-Workday Sleep Onset And Sleep Offset Times (hh:hm:ss),,time,,,,
Actigraphy,sdsleepmidpointrd5,Standard Deviation Of The Midpoint Between Sleep Onset And Sleep Offset Times Across Reliable Days (hh:hm:ss),,time,,,,
Actigraphy,sdsleepmidpointwd5,Standard Deviation Of The Midpoint Between Weekday Sleep Onset And Sleep Offset Times (hh:hm:ss),,time,,,,
Actigraphy,sdsleepmidpointwe5,Standard Deviation Of The Midpoint Between Weekend Sleep Onset And Sleep Offset Times (hh:hm:ss),,time,,,,
Actigraphy,sdsleepmidpointwo5,Standard Deviation Of The Midpoint Between Workday Sleep Onset And Sleep Offset Times (hh:hm:ss),,time,,,,
Actigraphy,sdsleepoffsettime5,Standard Deviation Of The Sleep Offset Time (hh:hm:ss),,time,,,,
Actigraphy,sdsleepoffsettimenw5,Standard Deviation Of The Non-Workday Sleep Offset Time (hh:hm:ss),,time,,,,
Actigraphy,sdsleepoffsettimerd5,Standard Deviation Of The Sleep Offset Time Across Reliable Days (hh:hm:ss),,time,,,,
Actigraphy,sdsleepoffsettimewd5,Standard Deviation Of The Weekday Sleep Offset Time (hh:hm:ss),,time,,,,
Actigraphy,sdsleepoffsettimewe5,Standard Deviation Of The Weekend Sleep Offset Time (hh:hm:ss),,time,,,,
Actigraphy,sdsleepoffsettimewo5,Standard Deviation Of The Workday Sleep Offset Time (hh:hm:ss),,time,,,,
Actigraphy,sdsleeponsettime5,Standard Deviation Of The Sleep Onset Time (hh:hm:ss),,time,,,,
Actigraphy,sdsleeponsettimenw5,Standard Deviation Of The Non-Workday Sleep Onset Time (hh:hm:ss),,time,,,,
Actigraphy,sdsleeponsettimerd5,Standard Deviation Of The Sleep Onset Time Across Reliable Days (hh:hm:ss),,time,,,,
Actigraphy,sdsleeponsettimewd5,Standard Deviation Of The Weekday Sleep Onset Time (hh:hm:ss),,time,,,,
Actigraphy,sdsleeponsettimewe5,Standard Deviation Of The Weekend Sleep Onset Time (hh:hm:ss),,time,,,,
Actigraphy,sdsleeponsettimewo5,Standard Deviation Of The Workday Sleep Onset Time (hh:hm:ss),,time,,,,
Actigraphy,sdsleepperiodduration5,Standard Deviation Of The Sleep Period Duration (Minutes),,numeric,minutes,,,
Actigraphy,sdsleepperioddurationnw5,Standard Deviation Of The Non-Workday Sleep Period Duration (Minutes),,numeric,minutes,,,
Actigraphy,sdsleepperioddurationrd5,Standard Deviation Of The Sleep Period Duration Across Reliable Days (Minutes),,numeric,minutes,,,
Actigraphy,sdsleepperioddurationwd5,Standard Deviation Of The Weekday Sleep Period Duration (Minutes),,numeric,minutes,,,
Actigraphy,sdsleepperioddurationwe5,Standard Deviation Of The Weekend Sleep Period Duration (Minutes),,numeric,minutes,,,
Actigraphy,sdsleepperioddurationwo5,Standard Deviation Of The Workday Sleep Period Duration (Minutes),,numeric,minutes,,,
Actigraphy,seffend5,Actigraphy Report: Weekend Efficiency Std Dev,,numeric,percent,,,
Actigraphy,seffwk5,Actigraphy Report: Weekday Efficiency Std Dev,,numeric,percent,,,
Actigraphy,sleepjournal5,Actigraphy QS: Sleep Journal Received,,choices,,noyesinc,,
Actigraphy,slptime_avg_sleep5,Actigraphy Report: Average Sleep Sleep Time (Minutes),,numeric,minutes,,,
Actigraphy,slptime_std_sleep5,Actigraphy Report: Std Dev Sleep Sleep Time (Minutes),,numeric,minutes,,,
Actigraphy,smidslpt5,Actigraphy Report: Mean Mid-Sleep Time Std Dev,,time,,,,
Actigraphy,smidslptend5,Actigraphy Report: Mean Mid-Sleep Time Weekend Std Dev,,time,,,,
Actigraphy,smidslptwk5,Actigraphy Report: Mean Mid-Sleep Time Weekday Std Dev,,time,,,,
Actigraphy,sslpend5,Actigraphy Report: Weekend Sleep Std Dev,,numeric,minutes,,,
Actigraphy,sslpwk5,Actigraphy Report: Weekday Sleep Std Dev,,numeric,minutes,,,
Actigraphy,stdyady5c,Actigraphy QS: Days From Exam 5 To Study Date,,numeric,days,,,
Actigraphy,timeend5,Actigraphy QS: Data Collection End Time,,time,,,,
Actigraphy,timestart5,Actigraphy QS: Data Collection Start Time,,time,,,,
Actigraphy,wake_avg_sleep5,Actigraphy Report: Average Sleep Wake Time (Minutes),,numeric,minutes,,,
Actigraphy,wake_bouts_avg_sleep5,Actigraphy Report: Average Sleep Number Of Wake Bouts,,numeric,wake bouts,,,
Actigraphy,waso_avg_sleep5,Actigraphy Report: Average Sleep Waso (Minutes),,numeric,minutes,,,
Actigraphy,weekdays5,Actigraphy QS: # of Weekdays,,numeric,weekdays,,,
Actigraphy,weekenddays5,Actigraphy QS: # of Weekend Days,,numeric,weekend days,,,
Administrative,idno,Participant ID Number,,identifier,,,,
Polysomnography,a0h3ai5,All Apneas + Hypopneas With >=3% Desat Or Arousal - Index (AHI),,numeric,,,,
Polysomnography,abdodur5,PSG QS: Abdo Signal Duration (Hours),,numeric,,,,
Polysomnography,abnoreeg5,PSG QS: Abnormal Awake EEG,,numeric,,,,
Polysomnography,ahi4p5,(Previously Medicareahi5) AHI: Obstructive And Central Apneas (All Desats); 30% And 50% Hypopneas (4% Desat),,numeric,,,,
Polysomnography,ahi4p_nrem5,(Previously Medicareahi_nrem5) AHI: Obstructive And Central Apneas (All Desats); 30% And 50% Hypopneas (4% Desat) Index In NREM,,numeric,,,,
Polysomnography,ahi4p_nsup5,(Previously Medicareahi_nsup5) AHI: Obstructive And Central Apneas (All Desats); 30% And 50% Hypopneas (4% Desat)  Index Non Supine,,numeric,,,,
Polysomnography,ahi4p_rem5,(Previously Medicareahi_rem5) AHI: Obstructive And Central Apneas (All Desats); 30% And 50% Hypopneas (4% Desat) Index In REM,,numeric,,,,
Polysomnography,ahi4p_sup5,(Previously Medicareahi_sup5) AHI: Obstructive And Central Apneas (All Desats); 30% And 50% Hypopneas (4% Desat) Index Supine,,numeric,,,,
Polysomnography,ahi4pa5,(Previously AASM2013ahi5) AHI: Obstructive And Central Apneas (All Desats);  30% And 50% Hypopneas (4% Desat Or Arousal),,numeric,,,,
Polysomnography,ahi4pa_nrem5,(Previously AASM2013ahi_nrem5) AHI: Obstructive And Central Apneas (All Desats);  30% And 50% Hypopneas (4% Desat Or Arousal)  Index In NREM,,numeric,,,,
Polysomnography,ahi4pa_nsup5,(Previously AASM2013_nsup5) AHI: Obstructive And Central Apneas (All Desats);  30% And 50% Hypopneas (4% Desat Or Arousal) Index Non Supine,,numeric,,,,
Polysomnography,ahi4pa_rem5,(Previously AASM2013ahi_rem5) AHI: Obstructive And Central Apneas (All Desats);  30% And 50% Hypopneas (4% Desat Or Arousal)  Index In REM,,numeric,,,,
Polysomnography,ahi4pa_sup5,(Previously AASM2013ahi_sup5) AHI: Obstructive And Central Apneas (All Desats);  30% And 50% Hypopneas (4% Desat Or Arousal) Index Supine,,numeric,,,,
Polysomnography,ahiov505,PSG QS: Abnormal Referral - AHI> 50,,choices,,noyes,,
Polysomnography,ahiu35,RDI - Apnea/AASM Recommended Hypopnea/AASM Alternative Hypopneas With >= 3% Desat As Used On Short Report Sent To Sites,,numeric,,,,
Polysomnography,ahnrembp5,"Arousals Per Hour (NREM, Back, All Desats)",,numeric,,,,
Polysomnography,ahnremop5,"Arousals Per Hour (NREM, Other, All Desats)",,numeric,,,,
Polysomnography,ahrembp5,"Arousals Per Hour (REM, Back, All Desats)",,numeric,,,,
Polysomnography,ahremop5,"Arousals Per Hour (REM, Other, All Desats)",,numeric,,,,
Polysomnography,ai_all5,Calculated - Overall Arousal Index,,numeric,,,,
Polysomnography,ai_nrem5,Calculated - Arousal Index Non-REM,,numeric,,,,
Polysomnography,ai_rem5,Calculated - Arousal Index REM Sleep,,numeric,,,,
Polysomnography,airdur5,PSG QS: Airflow Signal Duration (Hours),,numeric,,,,
Polysomnography,alpdel5,PSG QS: Physiologic Alpha Intrusion,,numeric,,,,
Polysomnography,apavgdur5,Avg. Apnea Length (Seconds),,numeric,,,,
Polysomnography,apnea35,# of Apnea Events With >= 3% Desat,,numeric,,,,
Polysomnography,apnhyppr5,PSG QS: Scoring Apnea/Hypopnea Unreliable,,numeric,,,,
Polysomnography,arnrembp5,"# of Arousals (NREM, Back, All Desats)",,numeric,,,,
Polysomnography,arnremop5,"# of Arousals (NREM, Other, All Desats)",,numeric,,,,
Polysomnography,arrembp5,"# of Arousals (REM, Back, All Desats)",,numeric,,,,
Polysomnography,arremop5,"# of Arousals (REM, Other, All Desats)",,numeric,,,,
Polysomnography,arsl3ou5,PSG QS: Arousal Index < 3 Verified,,numeric,,,,
Polysomnography,arunrel5,PSG QS: Scoring Arousals Unreliable,,numeric,,,,
Polysomnography,avdnbp5,"Avg. Desat (NREM, Back, All Desats)",,numeric,,,,
Polysomnography,avdnop5,"Avg. Desat (NREM, Other, All Desats)",,numeric,,,,
Polysomnography,avdrbp5,"Avg. Desat (REM, Back, All Desats)",,numeric,,,,
Polysomnography,avdrop5,"Avg. Desat (REM, Other, All Desats)",,numeric,,,,
Polysomnography,avgnplm5,# of PLM Per Hour Of NREM Sleep,,numeric,,,,
Polysomnography,avgplm5,# of PLM Per Hour Of Sleep,,numeric,,,,
Polysomnography,avgplma5,Number Of PLM w/ Arousals Per Hour Of Sleep,,numeric,,,,
Polysomnography,avgrplm5,# of PLM Per Hour Of REM Sleep,,numeric,,,,
Polysomnography,avgsat5,Calculated - Avg SaO2 In Sleep,,numeric,,,,
Polysomnography,avsao2nh5,Avg. SaO2 % During NREM Sleep,,numeric,,,,
Polysomnography,avsao2rh5,Avg. SaO2 % During REM Sleep,,numeric,,,,
Polysomnography,bpmavg5,Average Heart Rate (BPM) During Sleep,,numeric,,,,
Polysomnography,bpmmax5,Highest Heart Rate (BPM) During Sleep,,numeric,,,,
Polysomnography,bpmmin5,Lowest Heart Rate (BPM) During Sleep,,numeric,,,,
Polysomnography,c4dur5,PSG QS: Cz-Oz Signal Duration (Hours)  EEG,,numeric,,,,
Polysomnography,cai0p5,Calculated - Central Apnea Index All Desats,,numeric,,,,
Polysomnography,cai0p_nrem5,Central Apnea Index In NREM: All Central Apneas,,numeric,,,,
Polysomnography,cai0p_nsup5,Central Apnea Index In Non-Supine Position: All Central Apneas,,numeric,,,,
Polysomnography,cai0p_rem5,Central Apnea Index In REM: All Central Apneas,,numeric,,,,
Polysomnography,cai0p_sup5,Central Apnea Index In Supine Position: All Central Apneas,,numeric,,,,
Polysomnography,cai4p5,Calculated - Central Apnea Index 4% Desats,,numeric,,,,
Polysomnography,cai4pa5,Calculated - Central Apnea Index 4% Or Arousal,,numeric,,,,
Polysomnography,cardnba35,"Cent. Apnea Per Hour w/ Arousals (NREM, Back, 3% Desat)",,numeric,,,,
Polysomnography,cardnba5,"Cent. Apnea Per Hour w/ Arousals (NREM, Back, All Desats)",,numeric,,,,
Polysomnography,cardnbp5,"Cent. Apnea Per Hour (NREM, Back, All Desats)",,numeric,,,,
Polysomnography,cardnoa35,"Cent. Apnea Per Hour w/ Arousals (NREM, Other, 3% Desat)",,numeric,,,,
Polysomnography,cardnoa5,"Cent. Apnea Per Hour w/ Arousals (NREM, Other, All Desats)",,numeric,,,,
Polysomnography,cardnop5,"Cent. Apnea Per Hour (NREM, Other, All Desats)",,numeric,,,,
Polysomnography,cardrba35,"Cent. Apnea Per Hour w/ Arousals (REM, Back, 3% Desat)",,numeric,,,,
Polysomnography,cardrba5,"Cent. Apnea Per Hour w/ Arousals (REM, Back, All Desats)",,numeric,,,,
Polysomnography,cardrbp5,"Cent. Apnea Per Hour (REM, Back, All Desats)",,numeric,,,,
Polysomnography,cardroa35,"Cent. Apnea Per Hour w/ Arousals (REM, Other, 3% Desat)",,numeric,,,,
Polysomnography,cardroa5,"Cent. Apnea Per Hour w/ Arousals (REM, Other, All Desats)",,numeric,,,,
Polysomnography,cardrop5,"Cent. Apnea Per Hour (REM, Other, All Desats)",,numeric,,,,
Polysomnography,casndur5,PSG QS: Cannula Snore Signal Duration (Hours),,numeric,,,,
Polysomnography,cavgdur5,Avg. Cent. Apnea Length (Seconds),,numeric,,,,
Polysomnography,chestdur5,PSG QS: Chest Signal Duration (Hours),,numeric,,,,
Polysomnography,chindur5,PSG QS: Chin (Lchin-Cchin)  Signal Duration (Hours),,numeric,,,,
Polysomnography,dsnr25,"# of Desats Per Hour (NREM, >= 2%)",,numeric,,,,
Polysomnography,dsnr35,"# of Desats Per Hour (NREM, >= 3%)",,numeric,,,,
Polysomnography,dsnr45,"# of Desats Per Hour (NREM, >= 4%)",,numeric,,,,
Polysomnography,dsnr55,"# of Desats Per Hour (NREM, >= 5%)",,numeric,,,,
Polysomnography,dsrem25,"# of Desats Per Hour (REM, >= 2%)",,numeric,,,,
Polysomnography,dsrem35,"# of Desats Per Hour (REM, >= 3%)",,numeric,,,,
Polysomnography,dsrem45,"# of Desats Per Hour (REM, >= 4%)",,numeric,,,,
Polysomnography,dsrem55,"# of Desats Per Hour (REM, >= 5%)",,numeric,,,,
Polysomnography,dssao905,# of Desats With SaO2 Drops Below 90% In Sleep,,numeric,,,,
Polysomnography,e1dur5,PSG QS: E1 (Eogl) Signal Duration (Hours),,numeric,,,,
Polysomnography,e2dur5,PSG QS: E2 (Eogr) Signal Duration (Hours),,numeric,,,,
Polysomnography,ecgdur5,PSG QS: ECG Signal Duration (Hours),,numeric,,,,
Polysomnography,fpz5,PSG QS: Signal Quality Issues Found On Fpz Signal,,choices,,noyes,,
Polysomnography,fzm1dur5,PSG QS: Fz-Cz  Signal Duration (Hours)   EEG,,numeric,,,,
Polysomnography,haveact5,MESA Sleep: Has Actigraphy Data (5+ Valid Nights),,choices,,noyes,,
Polysomnography,havepsg5,MESA Sleep: Has PSG Data (Passed Overnight Study),,choices,,noyes,,
Polysomnography,havgdur5,Avg. AASM Recommended Hypopnea Length (Seconds),,numeric,,,,
Polysomnography,hbavgdur5,PSG: Filtered - Avg. Hypopnea Length (Seconds),,numeric,,,,
Polysomnography,hunrbp5,"# AASM Alternative Hypopnea Per Hour (NREM, Back, All Desats)",,numeric,,,,
Polysomnography,hunrbpa35,"# AASM Alternative Hypopnea With Arousal Per Hour (NREM, Back, 3% Desat)",,numeric,,,,
Polysomnography,hunrbpa5,"# AASM Alternative Hypopnea With Arousal Per Hour (NREM, Back, All Desats)",,numeric,,,,
Polysomnography,hunrop5,"# AASM Alternative Hypopnea Per Hour (NREM, Other, All Desats)",,numeric,,,,
Polysomnography,hunropa35,"# AASM Alternative Hypopnea With Arousal Per Hour (NREM, Other, 3% Desat)",,numeric,,,,
Polysomnography,hunropa5,"# AASM Alternative Hypopnea With Arousal Per Hour (NREM, Other, All Desats)",,numeric,,,,
Polysomnography,hurbp25,"# AASM Alternative Hypopnea Per Hour (REM, Back, 2% Desat)",,numeric,,,,
Polysomnography,hurbp5,"# AASM Alternative Hypopnea Per Hour (REM, Back, All Desats)",,numeric,,,,
Polysomnography,hurbpa35,"# AASM Alternative Hypopnea With Arousal Per Hour (REM, Back, 3% Desat)",,numeric,,,,
Polysomnography,hurbpa5,"# AASM Alternative Hypopnea With Arousal Per Hour (REM, Back, All Desats)",,numeric,,,,
Polysomnography,hurop5,"# AASM Alternative Hypopnea Per Hour (REM, Other, All Desats)",,numeric,,,,
Polysomnography,huropa35,"# AASM Alternative Hypopnea With Arousal Per Hour (REM, Other, 3% Desat)",,numeric,,,,
Polysomnography,huropa5,"# AASM Alternative Hypopnea With Arousal Per Hour (REM, Other, All Desats)",,numeric,,,,
Polysomnography,inhomepsgyn5,PSG: Test Was Conducted In-Home  1=Yes,,choices,,noyes,,
Polysomnography,lagbreath5,PSG QS: Periodic Large Breaths,,numeric,,,,
Polysomnography,lighoff5,PSG QS: Participant Reported Time To Bed,,string,,,,
Polysomnography,limbdur5,PSG QS: Limb Signal Duration (Hours),,numeric,,,,
Polysomnography,longap5,Longest Apnea (Seconds),,numeric,,,,
Polysomnography,longhyp5,Longest AASM Recommended Hypopnea (Seconds),,numeric,,,,
Polysomnography,longhypb5,PSG: Filtered - Longest Hypopnea (Seconds),,numeric,,,,
Polysomnography,losao2nr5,Calculated - Min SaO2 NREM,,numeric,,,,
Polysomnography,losao2r5,Calculated - Min SaO2 REM,,numeric,,,,
Polysomnography,losbeg5,PSG QS: Data Lost At Beginning Of Study,,numeric,,,,
Polysomnography,losend5,PSG QS: Data Lost At End Of Study,,numeric,,,,
Polysomnography,losoth5,PSG QS: Data Lost During Study,,numeric,,,,
Polysomnography,m15,PSG QS: Signal Quality Issues Found On M1 Signal,,choices,,noyes,,
Polysomnography,match5,MESA Sleep: PSG/Actigraphy Start Dates Match (I.E. No Failures; Tests Were Concurrent),,choices,,noyes,,
Polysomnography,maxresou5,PSG QS: Long Respiratory Events Verified,,numeric,,,,
Polysomnography,minsat5,PSG Report: Calculated - Min SaO2 In Sleep,,numeric,,,,
Polysomnography,mndnbp5,"Min. SaO2 (NREM, Back, All Desats) (%)",,numeric,,,,
Polysomnography,mndnop5,"Min. SaO2 (NREM, Other, All Desats) (%)",,numeric,,,,
Polysomnography,mndrbp5,"Min. SaO2 (REM, Back, All Desats) (%)",,numeric,,,,
Polysomnography,mndrop5,"Min. SaO2 (REM, Other, All Desats) (%)",,numeric,,,,
Polysomnography,mnsao2nh5,Min. SaO2 % During NREM Sleep,,numeric,,,,
Polysomnography,mnsao2rh5,Min. SaO2 % During REM Sleep,,numeric,,,,
Polysomnography,mxdnbp5,"Max. Desat (NREM, Back, All Desats)",,numeric,,,,
Polysomnography,mxdnop5,"Max. Desat (NREM, Other, All Desats)",,numeric,,,,
Polysomnography,mxdrbp5,"Max. Desat (REM, Back, All Desats)",,numeric,,,,
Polysomnography,mxdrop5,"Max. Desat (REM, Other, All Desats)",,numeric,,,,
Polysomnography,mxsao2nh5,Max. SaO2 % During NREM Sleep,,numeric,,,,
Polysomnography,mxsao2rh5,Max. SaO2 % During REM Sleep,,numeric,,,,
Polysomnography,ndes2ph5,# of Desat With >= 2% Desat (During Total Recording),,numeric,,,,
Polysomnography,ndes3ph5,# of Desat With >= 3% Desat (During Total Recording),,numeric,,,,
Polysomnography,ndes4ph5,# of Desat With >= 4% Desat (During Total Recording),,numeric,,,,
Polysomnography,ndes5ph5,# of Desat With >= 5% Desat (During Total Recording),,numeric,,,,
Polysomnography,noplm5,# of PLM During Sleep,,numeric,,,,
Polysomnography,npflow5,PSG QS: Flow Limitation,,numeric,,,,
Polysomnography,nsupinep5,Calculated - Pct Time Non-Supine,,numeric,,,,
Polysomnography,o2m1dur5,PSG QS: C4-M1 Signal Duration (Hours)  EEG,,numeric,,,,
Polysomnography,oahi35,Calculated - Obstructive Apnea (All Desats); AASM Recommended And Alternative  Hypopnea (3% Desat) Index,,numeric,,,,
Polysomnography,oahi3_nrem5,Calculated - Obstructive Apnea ( All Desats); 30% And 50% Hypopnea ( 3% Desat) Index In NREM,,numeric,,,,
Polysomnography,oahi3_nsup5,Calculated - Obstructive Apnea (All Desats); 30% And 50% Hypopnea (3% Desat) Index Non Supine,,numeric,,,,
Polysomnography,oahi3_rem5,Calculated - Obstructive Apnea ( All Desats); 30% And 50% Hypopnea ( 3% Desat) Index In REM,,numeric,,,,
Polysomnography,oahi3_sup5,Calculated - Obstructive Apnea (All Desats); 30% And 50%  Hypopnea (3% Desat) Index Supine,,numeric,,,,
Polysomnography,oahi3pa5,Calculated - Obstructive Apnea (All Desats) AASM Recommended And Alternative Hypopnea (3% Desat Or Arousal) Index,,numeric,,,,
Polysomnography,oahi3pa_nrem5,Obstructive Apnea/Hypopnea 3% Index (Or Arousal) In NREM: All Obstructive Apneas And Hypopneas With A >=3% Desat Or Arousal,,numeric,,,,
Polysomnography,oahi3pa_nsup5,Obstructive Apnea/Hypopnea 3% Index (Or Arousal) In Non-Supine Position: All Obstructive Apneas And Hypopneas With A >=3% Desat Or Arousal,,numeric,,,,
Polysomnography,oahi3pa_rem5,Obstructive Apnea/Hypopnea 3% Index (Or Arousal) In REM: All Obstructive Apneas And Hypopneas With A >=3% Desat Or Arousal,,numeric,,,,
Polysomnography,oahi3pa_sup5,Obstructive Apnea/Hypopnea 3% Index (Or Arousal) In Supine Position: All Obstructive Apneas And Hypopneas With A >=3% Desat Or Arousal,,numeric,,,,
Polysomnography,oahi45,"Calculated - Obstructive Apnea (All Desats), AASM Recommended And Alternative Hypopnea (4% Desat) Index",,numeric,,,,
Polysomnography,oahi4_nrem5,Calculated - Obstructive Apnea (All Desats); 30 % And 50% Hypopnea (4% Desat) Index In NREM,,numeric,,,,
Polysomnography,oahi4_nsup5,Calculated - Obstructive Apnea (All Desats); 30% And 50% Hypopnea (4% Desat) Index Non Supine,,numeric,,,,
Polysomnography,oahi4_rem5,Calculated - Obstructive Apnea (All Desats); 30% And 50% Hypopnea (4% Desat) Index In REM,,numeric,,,,
Polysomnography,oahi4_sup5,Calculated - Obstructive Apnea (All Desats); 30% And 50% Hypopnea ( 4% Desat) Index Supine,,numeric,,,,
Polysomnography,oahi4pa5,Calculated - Obstructive Apnea (All Desats) AASM Recommended And Alternative Hypopnea (4% Desat Or Arousal) Index,,numeric,,,,
Polysomnography,oahi4pa_nrem5,Obstructive Apnea/Hypopnea 4% Index (Or Arousal) In NREM: All Obstructive Apneas And Hypopneas With A >=4% Desat Or Arousal,,numeric,,,,
Polysomnography,oahi4pa_nsup5,Obstructive Apnea/Hypopnea 4% Index (Or Arousal) In Non-Supine Position: All Obstructive Apneas And Hypopneas With A >=4% Desat Or Arousal,,numeric,,,,
Polysomnography,oahi4pa_rem5,Obstructive Apnea/Hypopnea 4% Index (Or Arousal) In REM: All Obstructive Apneas And Hypopneas With A >=4% Desat Or Arousal,,numeric,,,,
Polysomnography,oahi4pa_sup5,Obstructive Apnea/Hypopnea 4% Index (Or Arousal) In Supine Position: All Obstructive Apneas And Hypopneas With A >=4% Desat Or Arousal,,numeric,,,,
Polysomnography,oai0p5,Calculated - Obstructive Apnea Index All Desats,,numeric,,,,
Polysomnography,oai4p5,Calculated - Obstructive Apnea Index 4% Desats,,numeric,,,,
Polysomnography,oardnba35,"Obs. Apnea Per Hour w/ Arousals (NREM, Back, 3% Desat)",,numeric,,,,
Polysomnography,oardnba5,"Obs. Apnea Per Hour w/ Arousals (NREM, Back, All Desats)",,numeric,,,,
Polysomnography,oardnbp5,"Obs. Apnea Per Hour (NREM, Back, All Desats)",,numeric,,,,
Polysomnography,oardnoa35,"Obs. Apnea Per Hour w/ Arousals (NREM, Other, 3% Desat)",,numeric,,,,
Polysomnography,oardnoa5,"Obs. Apnea Per Hour w/ Arousals (NREM, Other, All Desats)",,numeric,,,,
Polysomnography,oardnop5,"Obs. Apnea Per Hour (NREM, Other, All Desats)",,numeric,,,,
Polysomnography,oardrba35,"Obs. Apnea Per Hour w/ Arousals (REM, Back, 3% Desat)",,numeric,,,,
Polysomnography,oardrba5,"Obs. Apnea Per Hour w/ Arousals (REM, Back, All Desats)",,numeric,,,,
Polysomnography,oardrbp5,"Obs. Apnea Per Hour (REM, Back, All Desats)",,numeric,,,,
Polysomnography,oardroa35,"Obs. Apnea Per Hour w/ Arousals (REM, Other, 3% Desat)",,numeric,,,,
Polysomnography,oardroa5,"Obs. Apnea Per Hour w/ Arousals (REM, Other, All Desats)",,numeric,,,,
Polysomnography,oarop5,"# of Obs. Apnea (REM, Other, All Desats)",,numeric,,,,
Polysomnography,oavgdur5,Avg. Obs. Apnea Length (Seconds),,numeric,,,,
Polysomnography,odi35,PSG: Filtered - Oxygen Desaturation Index At 3% (During Sleep Time),,numeric,,,,
Polysomnography,odi45,PSG: Filtered - Oxygen Desaturation Index At 4% (During Sleep Time),,numeric,,,,
Polysomnography,overall5,PSG QS: Overall Study Quality Grade,,choices,,overallstudyqualitygrade,,
Polysomnography,oximdur5,PSG QS: Spo2 Signal Duration (Hours),,numeric,,,,
Polysomnography,pcohb3slp5,PSG: Filtered - % Sleep Time In Apnea [Ca+Oa]+Hypopnea With >3% Desat,,numeric,,,,
Polysomnography,pcohb3waslp5,PSG: Filtered - % Sleep Time In Apnea [Ca+Oa]+Hypopnea With > 3% Desat Or Arousal,,numeric,,,,
Polysomnography,pcohbwaslp5,PSG: Filtered - % Sleep Time In Apnea [Ca+Oa]+Hypopnea With Arousal,,numeric,,,,
Polysomnography,pcoslp5,PSG: Filtered - % Sleep Time In Apnea [Ca+Oa],,numeric,,,,
Polysomnography,pcstah3d5,% Sleep Time In Apnea+AASM Recommended Hypopnea With >3% Desat,,numeric,,,,
Polysomnography,pcstahar5,% Sleep Time In Apnea+AASM Recommended Hypopnea With Arousal,,numeric,,,,
Polysomnography,pcstahda5,% Sleep Time In Apnea+AASM Recommended Hypopnea With > 3% Desat Or Arousal,,numeric,,,,
Polysomnography,pctle925,Calculated - Pct Time Sleep <= 92% Desat,,numeric,,,,
Polysomnography,pctlt755,Calculated - Pct Time < 75% Desat,,numeric,,,,
Polysomnography,pctlt805,Calculated - Pct Time < 80% Desat,,numeric,,,,
Polysomnography,pctlt855,Calculated - Pct Time < 85% Desat,,numeric,,,,
Polysomnography,pctlt905,Calculated - Pct Time < 90% Desat,,numeric,,,,
Polysomnography,pctsa80h5,% Sleep Time SaO2 Is < 80%,,numeric,,,,
Polysomnography,pctsa85h5,% Sleep Time SaO2 Is < 85%,,numeric,,,,
Polysomnography,pctsa90h5,% Sleep Time SaO2 Is < 90%,,numeric,,,,
Polysomnography,pctsa95h5,% Sleep Time SaO2 Is < 95%,,numeric,,,,
Polysomnography,pctsthyp5,% Sleep Time In AASM Recommended Hypopnea,,numeric,,,,
Polysomnography,period5,PSG QS: Periodic Breathing >=10 Min,,numeric,,,,
Polysomnography,phbslp5,PSG: Filtered - % Sleep Time In Hypopnea,,numeric,,,,
Polysomnography,plethdur5,PSG QS: Pleth Signal Duration (Hours),,numeric,,,,
Polysomnography,plmaslp5,# PLMs With Arousal (Sleep),,numeric,,,,
Polysomnography,plmou5,PSG QS: PLM > 100 Verified,,numeric,,,,
Polysomnography,plmwake5,PSG QS: Leg Movements In Wake,,numeric,,,,
Polysomnography,posn5,PSG QS: Signal Quality Issues Found On Position Signal,,choices,,noyes,,
Polysomnography,quabdo5,PSG QS: Abdo Signal Quality,,choices,,psgsignalquality,,
Polysomnography,quair5,PSG QS: Airflow Signal Quality,,choices,,psgsignalquality,,
Polysomnography,quc45,"PSG QS: Cz-Oz Signal Quality-EEG Mismatched Variable Name And Label. Confirmed As ""Cz-Oz"" Signal.",,choices,,psgsignalquality,,
Polysomnography,qucasn5,PSG QS: Cannula Snore Signal Quality,,choices,,psgsignalquality,,
Polysomnography,quchest5,PSG QS: Chest Signal Quality,,choices,,psgsignalquality,,
Polysomnography,quchin5,PSG QS: Chin Signal Quality,,choices,,psgsignalquality,,
Polysomnography,que15,PSG QS: E1 Signal Quality,,choices,,psgsignalquality,,
Polysomnography,que25,PSG QS: E2 Signal Quality,,choices,,psgsignalquality,,
Polysomnography,quecg5,PSG QS: ECG Signal Quality,,choices,,psgsignalquality,,
Polysomnography,qufzm15,"PSG QS: Fz-Cz Signal Quality - EEG -  Mismatched Variable Name And Label. Confirmed As ""Fz-Cz"" Signal.",,choices,,psgsignalquality,,
Polysomnography,qulimb5,PSG QS: Limb Signal Quality,,choices,,psgsignalquality,,
Polysomnography,quo2m15,"PSG QS: C4-M1 Signal Quality-EEG Mismatched Variable Name And Label. Confirmed As ""C4-M1"" Signal.",,choices,,psgsignalquality,,
Polysomnography,quoxim5,PSG QS: Spo2 Signal Quality,,choices,,psgsignalquality,,
Polysomnography,qupleth5,PSG QS: Pleth Signal Quality,,choices,,psgsignalquality,,
Polysomnography,quxflow5,PSG QS: Cannula Flow Signal Quality,,choices,,psgsignalquality,,
Polysomnography,rdi0p5,Calculated - Overall RDI At 0% Desat,,numeric,,,,
Polysomnography,rdi0pa5,Calculated - Overall RDI At 0% Desat Or Arousal,,numeric,,,,
Polysomnography,rdi0pns5,Calculated - Overall Non-Supine RDI At 0% Desat,,numeric,,,,
Polysomnography,rdi0ps5,Calculated - Overall Supine RDI At 0% Desat,,numeric,,,,
Polysomnography,rdi2p5,Calculated - Overall RDI At 2% Desat,,numeric,,,,
Polysomnography,rdi2pa5,Calculated - Overall RDI At 2% Desat Or Arousal,,numeric,,,,
Polysomnography,rdi2pns5,Calculated - Overall Non-Supine RDI At 2% Desat,,numeric,,,,
Polysomnography,rdi2ps5,Calculated - Overall Supine RDI At 2% Desat,,numeric,,,,
Polysomnography,rdi3p5,Calculated - Overall RDI At 3% Desat,,numeric,,,,
Polysomnography,rdi3pa5,Calculated - Overall RDI At 3% Desat Or Arousal,,numeric,,,,
Polysomnography,rdi3pns5,Calculated - Overall Non-Supine RDI At 3% Desat,,numeric,,,,
Polysomnography,rdi3ps5,Calculated - Overall Supine RDI At 3% Desat,,numeric,,,,
Polysomnography,rdi4p5,Calculated - Overall RDI At 4% Desat,,numeric,,,,
Polysomnography,rdi4pa5,Calculated - Overall RDI At 4% Desat Or Arousal,,numeric,,,,
Polysomnography,rdi4pns5,Calculated - Overall Non-Supine RDI At 4% Desat,,numeric,,,,
Polysomnography,rdi4ps5,Calculated - Overall Supine RDI At 4% Desat,,numeric,,,,
Polysomnography,rdi5p5,Calculated - Overall RDI At 5% Desat,,numeric,,,,
Polysomnography,rdi5pa5,Calculated - Overall RDI At 5% Desat Or Arousal,,numeric,,,,
Polysomnography,rdi5pns5,Calculated - Overall Non-Supine RDI At 5% Desat,,numeric,,,,
Polysomnography,rdi5ps5,Calculated - Overall Supine RDI At 5% Desat,,numeric,,,,
Polysomnography,rdinba35,"AASM Recommended Hypopnea Per Hour w/ Arousals (NREM, Back, 3% Desat)",,numeric,,,,
Polysomnography,rdinba5,"AASM Recommended Hypopnea Per Hour w/ Arousals (NREM, Back, All Desats)",,numeric,,,,
Polysomnography,rdinbp5,"AASM Recommended Hypopnea Per Hour (NREM, Back, All Desats)",,numeric,,,,
Polysomnography,rdinoa35,"AASM Recommended Hypopnea Per Hour w/ Arousals (NREM, Other, 3% Desat)",,numeric,,,,
Polysomnography,rdinoa5,"AASM Recommended Hypopnea Per Hour w/ Arousals (NREM, Other, All Desats)",,numeric,,,,
Polysomnography,rdinop5,"AASM Recommended Hypopnea Per Hour (NREM, Other, All Desats)",,numeric,,,,
Polysomnography,rdinr0p5,Calculated - Overall Non-REM RDI At 0% Desat,,numeric,,,,
Polysomnography,rdinr2p5,Calculated - Overall Non-REM RDI At 2% Desat,,numeric,,,,
Polysomnography,rdinr3p5,Calculated - Overall Non-REM RDI At 3% Desat,,numeric,,,,
Polysomnography,rdinr4p5,Calculated - Overall Non-REM RDI At 4% Desat,,numeric,,,,
Polysomnography,rdinr5p5,Calculated - Overall Non-REM RDI At 5% Desat,,numeric,,,,
Polysomnography,rdirba35,"AASM Recommended Hypopnea Per Hour w/ Arousals (REM, Back, 3% Desat)",,numeric,,,,
Polysomnography,rdirba5,"AASM Recommended Hypopnea Per Hour w/ Arousals (REM, Back, All Desats)",,numeric,,,,
Polysomnography,rdirbp5,"AASM Recommended Hypopnea Per Hour (REM, Back, All Desats)",,numeric,,,,
Polysomnography,rdirem0p5,Calculated - Overall REM RDI At 0% Desat,,numeric,,,,
Polysomnography,rdirem2p5,Calculated - Overall REM RDI At 2% Desat,,numeric,,,,
Polysomnography,rdirem3p5,Calculated - Overall REM RDI At 3% Desat,,numeric,,,,
Polysomnography,rdirem4p5,Calculated - Overall REM RDI At 4% Desat,,numeric,,,,
Polysomnography,rdirem5p5,Calculated - Overall REM RDI At 5% Desat,,numeric,,,,
Polysomnography,rdiroa35,"AASM Recommended Hypopnea Per Hour w/ Arousals (REM, Other, 3% Desat)",,numeric,,,,
Polysomnography,rdiroa5,"AASM Recommended Hypopnea Per Hour w/ Arousals (REM, Other, All Desats)",,numeric,,,,
Polysomnography,rdirop5,"AASM Recommended Hypopnea Per Hour (REM, Other, All Desats)",,numeric,,,,
Polysomnography,recbeaw5,PSG QS: Data Lost - Recording Ended Before Wake,,numeric,,,,
Polysomnography,ref5,PSG QS: Signal Quality Issues Found On Reference / Ground Signal,,choices,,noyes,,
Polysomnography,rem_lat15,Calculated - REM Latency I In Minutes Slp Onset To First REM,,numeric,,,,
Polysomnography,remarunrel5,PSG QS: Scoring Arousals In REM (Only) Unreliable,,numeric,,,,
Polysomnography,remlaiip5,REM Latency Ii - Excluding Wake (Minutes),,numeric,,,,
Polysomnography,remnrempr5,PSG QS: Scoring REM/NREM Unreliable,,numeric,,,,
Polysomnography,respevpr5,PSG QS: Scoring Respiratory Events (RDI) Unreliable,,numeric,,,,
Polysomnography,rsnco5,PSG QS: Reason For Study Failure,,choices,,psgreasonfail,,
Polysomnography,sao2lt855,PSG QS: Urgent Referral - O2sat < 85% For >10% Total Sleep Time,,choices,,noyes,,
Polysomnography,sao2nrem5,Calculated - Avg SaO2 NREM,,numeric,,,,
Polysomnography,sao2rem5,Calculated - Avg SaO2 REM,,numeric,,,,
Polysomnography,scorerid5,PSG Report: Scorer ID,,numeric,,,,
Polysomnography,scorid5,PSG QS: Scorer ID,,numeric,,,,
Polysomnography,siteid5,PSG QS: Site ID,,choices,,psgsiteid,,
Polysomnography,slewake5,PSG QS: Study Scored Sleep / Wake Only (All Sleep Scored As N2 And No Arousals Scored Due To Poor Quality EEG),,choices,,noyes,,
Polysomnography,slp_eff5,Calculated - Sleep Efficiency %,,numeric,,,,
Polysomnography,slp_lat5,Sleep Onset Latency (Minutes): Time Between Getting In Bed And Falling Asleep,,numeric,,,,
Polysomnography,slp_maint_eff5,PSG: Sleep Maintenance Efficiency,,numeric,,,,
Polysomnography,slpprdp5,Total Sleep Time (Minutes),,numeric,,,,
Polysomnography,status_psg5,PSG QS: Pass/Fail Status,,choices,,psgpassfail,,
Polysomnography,stdurm5,Study Length (Epoch 1 To Last Epoch- Minutes),,numeric,,,,
Polysomnography,stdypdy5c,PSG QS: Days From Exam 5 To Study Date,,numeric,,,,
Polysomnography,stendp5,Study End Time (hh:hm:ss),,string,,,,
Polysomnography,stg1stg2pr5,PSG QS: Scoring Stage1/Stage2 Unreliable,,numeric,,,,
Polysomnography,stg2stg3pr5,PSG QS: Scoring Stage2/Deep Sleep Unreliable,,numeric,,,,
Polysomnography,stlonp5,Lights On Set By Scorer (hh:hm:ss) (Not Script Variable),,string,,,,
Polysomnography,stloutp5,Lights Out Time (hh:hm:ss),,string,,,,
Polysomnography,stonset15,Sleep Onset (Start Of Sleep- hh:mm:ss) - Scorer,,string,,,,
Polysomnography,stonsetp5,Sleep Onset Time (hh:hm:ss),,string,,,,
Polysomnography,ststartp5,Study Start Time (hh:hm:ss),,string,,,,
Polysomnography,supinep5,Calculated - Pct Time Supine,,numeric,,,,
Polysomnography,svpulse5,PSG QS: Manual Pulse At Time Of Hookup From Sv Form,,numeric,,,,
Polysomnography,svspo25,PSG QS: Spo2 From Signal Verification Form - Reading At Time Of Hookup,,numeric,,,,
Polysomnography,time_bed5,Calculated - Time In Bed (Minutes),,numeric,,,,
Polysomnography,timebedm5,Time In Bed (Minutes .5),,numeric,,,,
Polysomnography,timerem5,Calculated - Time REM Minutes,,numeric,,,,
Polysomnography,timeremp5,Calculated - Pct Time REM,,numeric,,,,
Polysomnography,times34p5,Calculated - Pct Time Stage 3-4,,numeric,,,,
Polysomnography,timest15,Calculated - Time Stage 1 Minutes,,numeric,,,,
Polysomnography,timest1p5,Calculated - Pct Time Stage 1,,numeric,,,,
Polysomnography,timest25,Calculated - Time Stage 2 Minutes,,numeric,,,,
Polysomnography,timest2p5,Calculated - Pct Time Stage 2,,numeric,,,,
Polysomnography,timest345,Calculated - Time Stage 3-4 Minutes,,numeric,,,,
Polysomnography,unuhrou4a5,PSG QS: Urgent Referral - Unusual HR: 2nd Or 3rd Degree Block,,numeric,,,,
Polysomnography,unuhrou4b5,PSG QS: Urgent Referral - Unusual HR: Acute St Segment,,numeric,,,,
Polysomnography,unuhrou4c5,PSG QS: Urgent Referral - Unusual HR: Nsvt 3-Beat Run,,numeric,,,,
Polysomnography,unuhrou4d5,PSG QS: Urgent Referral - Unusual HR: HR Above 150 BPM For >= 2 Min,,numeric,,,,
Polysomnography,unuhrou4e5,PSG QS: Urgent Referral - Unusual HR: HR < 30 BPM For >= 2 Min,,numeric,,,,
Polysomnography,unuhrou4f5,PSG QS: Urgent Referral - Unusual HR: Other,,numeric,,,,
Polysomnography,unuhrou5,PSG QS: Urgent Referral - Unusual HR/ECG (Categorical),,choices,,urgentunusualhr,,
Polysomnography,unustgou5,PSG QS: Unusual Staging,,numeric,,,,
Polysomnography,wakslepr5,PSG QS: Scoring Stage Wake/Sleep Unreliable,,numeric,,,,
Polysomnography,waso5,Calculated - Wake After Sleep Onset (Minutes),,numeric,,,,
Polysomnography,xflowdur5,PSG QS: Cannula Flow Signal Duration (Hours),,numeric,,,,
Sleep Questionnaire,bcksleep5,Past 4 Weeks: Trouble Getting Back To Sleep After You Waking Too Early,,choices,,freq4weeks,,
Sleep Questionnaire,bedtmwkday5c,Bedtime Weekday (24 Hour Format),,time,,,,
Sleep Questionnaire,bedtmwkend5c,Bedtime Weekend (24 Hour Format),,time,,,,
Sleep Questionnaire,car5,Chance Of Dozing / Fall Asleep While: In Car Stopped In Traffic,,choices,,dozingchance,,
Sleep Questionnaire,cpap5,Receive Treatment For Sleep Apnea: Cpap Or Bipap Machine,,choices,,noyes,,
Sleep Questionnaire,dinner5,Chance Of Dozing / Fall Asleep While: At Dinner Table,,choices,,dozingchance,,
Sleep Questionnaire,dntaldv5,Receive Treatment For Sleep Apnea: Dental (Oral) Device,,choices,,noyes,,
Sleep Questionnaire,driving5,Chance Of Dozing / Fall Asleep While: While Driving,,choices,,dozingchance,,
Sleep Questionnaire,epslpscl5c,Epworth Sleepiness Scale In MESA,,integer,,,,
Sleep Questionnaire,extrahrs5,Days Per Month Working Extra Hours Beyond Usual Schedule,,integer,days,,,
Sleep Questionnaire,feelngbstpk5,Time Of Day Reaching Best Feeling Peak,,choices,,feelingpeak,,
Sleep Questionnaire,feelngbstr5,Time Of Day Feeling Best,,choices,,feelingbest,,
Sleep Questionnaire,hoostmeq5c,Modified Horne-Ostberg Morningness-Eveningness Questionnaire (Meq) Score,,numeric,,,,
Sleep Questionnaire,insmnia5,Told By Doctor As Having: Insomnia,,choices,,noyes,,
Sleep Questionnaire,irritable5,Past 4 Weeks: Have Sleep Difficulties Causing Irritability,,choices,,freq4weeks,,
Sleep Questionnaire,legsdscmfrt5,Experience Desire To Move Legs Because Of Discomfort / Disagreeable Sensations In Legs,,choices,,noyesdk,,
Sleep Questionnaire,lyngdwn5,Chance Of Dozing / Fall Asleep While: Lying Down To Rest In Afternoon,,choices,,dozingchance,,
Sleep Questionnaire,mosttired4,Time In Evening Feel Most Tired And In Need Of Sleep,,choices,,mosttired,,
Sleep Questionnaire,nap5,Usual Week: Number Of Naps (5 Minutes Or More),,integer,naps,,,
Sleep Questionnaire,quietly5,Chance Of Dozing / Fall Asleep While: Sitting Quietly After Lunch (No Alcohol),,choices,,dozingchance,,
Sleep Questionnaire,readng5,Chance Of Dozing / Fall Asleep While: Sitting And Reading,,choices,,dozingchance,,
Sleep Questionnaire,riding5,Chance Of Dozing / Fall Asleep While: Riding As Passenger In Car,,choices,,dozingchance,,
Sleep Questionnaire,rstlesslgs5,Told By Doctor As Having: Restless Legs,,choices,,noyes,,
Sleep Questionnaire,rubbnglgs5,Feel Need To Move To Relieve Discomfort By Walking Or Rub Legs,,choices,,noyesdk,,
Sleep Questionnaire,sittng5,Chance Of Dozing / Fall Asleep While: Sitting Inactive In Public,,choices,,dozingchance,,
Sleep Questionnaire,sleepqsid,Sleep Questionnaire Staff ID,,string,,,,
Sleep Questionnaire,sleepy5,Past 4 Weeks: Feel Overly Sleepy During Day,,choices,,freq4weeks,,
Sleep Questionnaire,slpapnea5,Told By Doctor As Having: Sleep Apnea,,choices,,noyes,,
Sleep Questionnaire,slpngpills5,Past 4 Weeks: Take Sleeping Pills To Help Sleep,,choices,,freq4weeks,,
Sleep Questionnaire,snored5,Past 4 Weeks: Snored,,choices,,freq4weeksdk,,
Sleep Questionnaire,stpbrthng5,Past 4 Weeks: Stop Breathing During Sleep,,choices,,freq4weeksdk,,
Sleep Questionnaire,talkng5,Chance Of Dozing / Fall Asleep While: Sitting And Talking To Someone,,choices,,dozingchance,,
Sleep Questionnaire,tired5,How Tired During First Half Hour After Having Woken In Morning,,choices,,tiredafter,,
Sleep Questionnaire,trbleslpng5,Past 4 Weeks: Trouble Falling Asleep,,choices,,freq4weeks,,
Sleep Questionnaire,tv5,Chance Of Dozing / Fall Asleep While: Watching Tv,,choices,,dozingchance,,
Sleep Questionnaire,types5,Type Of Person: Morning Or Evening,,choices,,persontype,,
Sleep Questionnaire,typicalslp5,Past 4 Weeks: Overall Typical Night Sleep,,choices,,typicalsleep,,
Sleep Questionnaire,uvula5,Receive Treatment For Sleep Apnea: Throat/Uvula Surgery,,choices,,noyes,,
Sleep Questionnaire,wakeearly5,Past 4 Weeks: Wake Up Earlier Than Planned,,choices,,freq4weeks,,
Sleep Questionnaire,waketmwkday5c,Waketime Weekday (24 Hour Format),,time,,,,
Sleep Questionnaire,waketmwkend5c,Waketime Weekend (24 Hour Format),,time,,,,
Sleep Questionnaire,wakeup5,Past 4 Weeks: Wake Up Several Times A Night,,choices,,freq4weeks,,
Sleep Questionnaire,whiirs5c,Womens Health Initiative (Whi) Insomnia Rating Scale,,integer,,,,
Sleep Questionnaire,wkdaysleepdur5c,Sleep Duration Weekday (Hours:Minutes),,time,,,,
Sleep Questionnaire,wkdaysleepdur5t,Sleep Duration Weekday (Hours),,numeric,hours,,,
Sleep Questionnaire,wkendsleepdur5c,Sleep Duration Weekend (Hours:Minutes),,time,,,,
Sleep Questionnaire,wkendsleepdur5t,Sleep Duration Weekend (Hours),,numeric,hours,,,
Sleep Questionnaire,wrksched5,Usual Work Schedule,,choices,,usualwork,,
Sleep Questionnaire,wrseltr5,Symptoms Worse Later In Day Or Night,,choices,,noyesdk,,
Sleep Questionnaire,wrserest5,Symptoms Worse When At Rest With Temporary Relief By Activity,,choices,,noyesdk,,
